Data,Nome,Plataforma,Rate
2020.06.02,Star Wars Battlefront II,'PS4',68
2020.05.26,Call of Duty: WWII,'PS4',79
2020.05.05,Cities: Skylines,'PS4',81
2020.05.05,Farming Simulator 19,'PS4',64
2020.04.07,Uncharted 4: A Thief’s End,'PS4',93
2020.04.07,DiRT Rally 2.0,'PS4',84
2.0,Shadow of the Colossus,'PS4',91
2020.03.03,Sonic Forces,'PS4',57
2020.03.03,Bioshock: The Collection,'PS4',84
2020.02.04,The Sims 4,'PS4',66
2020.02.04,Firewall Zero Hour,'PSVR',79
2020.02.04,Uncharted: The Nathan Drake Collection,'PS4',86
2020.01.07,Goat Simulator,'PS4',58
2020.01.07,Titanfall 2,'PS4',89
2019.12.03,Monster Energy Supercross: The Game,'PS4',67
2019.12.03,Nioh,'PS4',88
2019.11.05,Outlast 2,'PS4',68
2019.11.05,The Last of Us Remastered,'PS4',95
2019.10.01,MLB The Show 19,'PS4',86
2019.10.01,Batman Arkham Knight,'PS4',87
2019.09.03,Darksiders III,'PS4',64
2019.09.03,Wipeout Omega Collection,'PS4/PSVR',85
2019.08.06,Sniper Elite 4,'PS4',77
2019.08.06,Detroit: Become Human,'PS4',78
2019.07.02,Heavy Rain*,'PS4',78
2019.07.02,Horizon Chase Turbo,'PS4',77
2019.07.02,Borderlands: The Handsome Collection,'PS4',82
2019.06.04,Sonic Mania,'PS4',86
2019.06.04,Overcooked,'PS4',78
2019.05.07,What Remains of Edith Finch,'PS4',88
2019.05.07,The Surge,'PS4',73
2019.04.02,Conan: Exiles,'PS4',68
2019.04.02,Call of Duty: Modern Warfare Remastered,'PS4',83
2019.03.05,The Witness,'PS4',87
2019.03.05,For Honor,'PS4',78
2019.02.05,Hitman: The Complete First Season,'PS4',84
2019.02.05,Metal Gear Solid 4,'PS3',94
2019.02.05,Divekick,'PS3/Vita',65
2019.02.05,Gunhouse,'PS4/Vita',TBD
2019.02.05,"PS4/</a><a href=""#psv"" rel=""nofollow"">Vita</a>",'TBD',72
2019.02.05,Rogue Aces,'PS4/Vita',71
2019.01.01,Steep,'PS4',71
2019.01.01,Portal Knights,'PS4',73
2019.01.01,Zone of the Enders HD Collection,'PS3',74
2019.01.01,Amplitude,'PS4/PS3',TBD
2019.01.01,Fallen Legion: Flames of Rebellion,'PS4/Vita',TBD
2019.01.01,"PS4/</a><a href=""#psv"" rel=""nofollow"">Vita</a>",'TBD',76
2018.12.04,Super Mutant Alien Assault,'Vita',79
2018.12.04,Vita</a>,'TBD',83
2018.12.04,ONRUSH,'PS4',TBD
2018.12.04,SOMA,'PS4',83
2018.12.04,Steins;Gate,'PS3',TBD
2018.12.04,Steredenn,'PS3',75
2018.11.06,Iconoclasts,'TBD',80
2018.11.06,"Papers, Please",'PS4/Vita',TBD
2018.11.06,Bulletstorm: Full Clip Edition,'Vita',TBD
2018.11.06,Yakuza Kiwami,'TBD',TBD
2018.11.06,The Jackbox Party Pack 2,'PS4',TBD
2018.11.06,Arkedo Series,'PS4',61
2018.10.02,Burly Men at Sea,'PS3',82
2018.10.02,Roundabout,'TBD',71
2018.10.02,Friday the 13th: The Game,'PS3',62
2018.10.02,Laser League,'TBD',TBD
2018.10.02,Knowledge is Power,'PS4/Vita',76
2018.10.02,Master Reboot,'TBD',67
2018.10.02,The Bridge,'PS4/Vita',85
2018.09.04,Read Only Memories,'TBD',81
2018.09.04,Rocketbirds 2: Evolution,'PS4',53
2018.09.04,Destiny 2,'PS4',76
2018.09.04,God of War III: Remastered,'PS4',69
2018.09.04,Another World: 20th Anniversary Edition,'PS3',66
2018.09.04,Q.U.B.E Director's Cut,'PS4/Vita',68
2018.08.07,Sparkle 2,'TBD',64
2018.08.07,Foul Play,'PS4/Vita',53
2018.08.07,Mafia III,'PS4/Vita',TBD
2018.08.07,Dead by Daylight,'PS4',69
2018.08.07,Bound by Flame,'PS4',51
2018.08.07,Serious Sam 3: BFE,'PS4/Vita',78
2018.07.03,Draw Slasher,'PS4/PS3',69
2018.07.03,Space Hulk,'PS4/Vita',72
2018.07.03,Heavy Rain,'PS4/Vita',74
2018.07.03,Absolver,'PS4',TBD
2018.07.03,Rayman 3 HD,'PS4',83
2018.07.03,Extreme Exorcism**,'PS3',81
2018.06.11,Space Overlords,'PS3',87
2018.06.05,Zero Escape: Zero Time Dilemma,'TBD',79
2018.06.05,Call of Duty: Black Ops III*,'Vita',TBD
2018.06.05,XCOM 2,'Vita',79
2018.06.05,Trials Fusion,'PS4',58
2018.06.05,Zombie Driver HD,'PS4',67
2018.06.05,Tom Clancy’s Ghost Recon: Future Soldier,'PS3',72
2018.05.01,Atomic Ninjas,'PS4/PS3',90
2018.05.01,Squares,'PS4/Vita',51
2018.05.01,Beyond: Two Souls,'TBD',65
2018.05.01,Rayman Legends,'Vita',66
2018.05.01,Risen 3: Titan Lords,'PS4',69
2018.05.01,Eat Them,'PS4',69
2018.04.03,King Oddball,'PS4',81
2018.04.03,Furmins,'PS3',54
2018.04.03,Mad Max,'TBD',57
2018.04.03,Trackmania Turbo,'PS3',61
2018.04.03,In Space We Brawl,'Vita',44
2018.04.03,Toy Home,'Vita',92
2018.03.06,Vidas,'PS4',85
2018.03.06,Q*Bert Rebooted,'PS4',TBD
2018.03.06,Bloodborne,'PS3',52
2018.03.06,Ratchet &amp; Clank,'PS3',TBD
2018.03.06,Legend of Kay Anniversary,'Vita',TBD
2018.03.06,Mighty No. 9,'Vita',54
2018.02.06,Claire: Extended Cut,'PS4',80
2018.02.06,Bombing Busters,'PS4',68
2018.02.06,Knack,'PS4/PS3',56
2018.02.06,RiME,'PS3',55
2018.02.06,Starblood Arena,'PS4/Vita',TBD
2018.02.06,Spelunker HD,'PS4/Vita',78
2018.02.06,Mugen Souls Z,'PS4',84
2018.01.02,Exiles End,'PS4',68
2018.01.02,Grand Kingdom,'PS3',68
2018.01.02,Deus Ex: Mankind Divided,'TBD',56
2018.01.02,Batman: The Telltale Series,'PS4/PS3',TBD
2018.01.02,Starblood Arena,'PS4/Vita',64
2018.01.02,Sacred 3,'TBD',52
2018.01.02,Book of Unwritten Tales 2,'PS4/Vita',72
2017.12.05,Psycho-Pass: Mandatory Happiness,'TBD',63
2017.12.05,Uncanny Valley,'PS4',79
2017.12.05,Darksiders II Deathinitive Edition,'PS4',63
2017.12.05,Kung Fu Panda: Showdown of Legendary Legends,'PSVR',78
2017.12.05,Syberia Collection,'PS3',TBD
2017.12.05,Xblaze Lost: Memories,'PS3',62
2017.11.07,Forma.8,'Vita',71
2017.11.07,Wanted Corp,'TBD',72
2017.11.07,Worms Battlegrounds,'PS4/Vita',82
2017.11.07,Bound,'PS4',68
2017.11.07,Until Dawn: Rush of Blood,'PS4',TBD
2017.11.07,R-Type Dimensions,'PSVR',67
2017.11.07,Rag Doll Kung Fu: Fists of Plastic,'PS3',93
2017.10.03,Dungeon Punks,'PS3',78
2017.10.03,Broken Sword 5: The Serpent’s Curse (Episodes 1 &amp; 2),'TBD',69
2017.10.03,Metal Gear Solid V: The Phantom Pain,'PS4/Vita',78
2017.10.03,Amnesia: Collection,'PS4/Vita',TBD
2017.10.03,That’s You!,'PS4',81
2017.10.03,RIGS: Mechanised Combat League,'PS4',77
2017.10.03,Monster Jam Battlegrounds,'PS3',72
2017.10.03,Hustle Kings,'PS3',80
2017.09.05,Hue,'PS4/Vita',75
2017.09.05,Sky Force Anniversary,'Vita',69
2017.09.05,FAMOUS: Second Son,'TBD',78
2017.09.05,Strike Vector Ex*,'PS4',TBD
2017.09.05,That’s You!,'PS4',TBD
2017.09.05,RIGS: Mechanised Combat League,'PSVR',61
2017.09.05,Truck Racer,'PS3',72
2017.09.05,Handball 2016,'PS3',73
2017.08.01,We Are Doomed,'PS4/Vita',71
2017.08.01,Hatoful Boyfriend,'TBD',69
2017.08.01,Just Cause 3,'Vita',65
2017.08.01,Assassin’s Creed: Freedom Cry,'PS4',65
2017.08.01,That’s You!,'PS4',85
2017.08.01,Super Motherload,'PS4',TBD
2017.08.01,Snake Ball,'PSVR',79
2017.07.04,Downwell,'PS3',69
2017.07.04,Level 22,'TBD',69
2017.07.04,Until Dawn,'PS3/Vita',74
2017.07.04,Game of Thrones: A Telltale Games Series,'PS4/Vita',80
2017.07.04,That’s You!,'PS4/Vita',76
2017.07.04,Tokyo Jungle,'PS4',62
2017.07.04,Darkstalkers Resurrection,'PS4',75
2017.06.06,"Don’t Die, Mr. Robot",'PS4',85
2017.06.06,Element4l,'PSVR',70
2017.06.06,Killing Floor 2,'PS3',TBD
2017.06.06,Life is Strange,'TBD',63
2017.06.06,Abyss Odyssey,'PS3',TBD
2017.06.06,WRC 5: World Rally Championship,'TBD',78
2017.05.02,Neon Chrome,'PS4/Vita',86
2017.05.02,Spy Chameleon,'PS4/Vita',TBD
2017.05.02,ABZU*,'PS4',TBD
2017.05.02,Tales from the Borderlands,'PS4',80
2017.05.02,Blood Knights,'PS4',TBD
2017.05.02,Port Royale 3: Pirates and Merchants,'PS4/PS3',54
2017.04.04,Laser Disco Defenders,'PS3',82
2017.04.04,Type:Rider,'PS4/Vita',50
2017.04.04,Drawn To Death,'Vita',TBD
2017.04.04,Lovers in a Dangerous Spacetime,'TBD',76
2017.04.04,Invizimals: The Lost Kingdom,'PS4',70
2017.04.04,Alien Rage – Extended Edition,'PS4',81
2017.03.07,Second Ninja X,'PS4',71
2017.03.07,Curses ‘N Chaos,'PS3',73
2017.03.07,Tearaway Unfolded,'PS3',80
2017.03.07,Disc Jam,'PS4/Vita',69
2017.03.07,Lumo,'Vita',82
2017.03.07,Under Night In-Birth Exe:Late,'PS4',79
2017.02.07,Earth Defense Force 2025,'PS4',74
2017.02.07,Severed,'PS3',78
2017.02.07,LittleBigPlanet 3,'PS3',N/A
2017.02.07,Not a Hero,'TBD',64
2017.02.07,Starwhal,'PS4/Vita',N/A
2017.02.07,Anna: Extended Edition,'PS4/Vita',84
2017.01.03,Ninja Senki DX,'TBD',78
2017.01.03,TorqueL,'PS4',70
2017.01.03,Day of the Tentacle Remastered,'PS4',73
2017.01.03,This War of Mine: The Little Ones,'PS3',N/A
2017.01.03,Blazerush,'TBD',73
2017.01.03,The Swindle,'PS3',73
2016.12.06,Azkend 2,'TBD',82
2016.12.06,Titan Souls,'PS4/Vita',70
2016.12.06,Stories: The Path of Destinies,'PS4/Vita',65
2016.12.06,"Invisible, Inc.",'TBD',62
2016.12.06,Hyper Void,'PS4',N/A
2016.12.06,Tiny Troopers Joint Ops,'PS4',78
2016.11.01,Color Guardians,'PS3',72
2016.11.01,VVVVVV,'PS3',87
2016.11.01,Everybody’s Gone to the Rapture,'TBD',74
2016.11.01,The Deadly Tower of Monsters,'PS4/Vita',73
2016.11.01,DiRT 3,'PS4/Vita',N/A
2016.11.01,Costume Quest 2,'PS4',83
2016.10.04,Letter Quest Remastered,'PS4',77
2016.10.04,Pumped BMX+,'PS4/Vita',71
2016.10.04,Resident Evil,'PS3',81
2016.10.04,Transformers: Devastation,'PS3',86
2016.10.04,Mad Riders,'Vita',75
2016.10.04,From Dust,'PS4/',68
2016.09.06,Code:Realize - Guardian of Rebirth,'PS4/',92
2016.09.06,Actual Sunlight,'PS4/PS3',76
2016.09.06,Lords of the Fallen,'PS3',75
2016.09.06,Journey,'N/A',57
2016.09.06,Badland,'PS4/Vita',72
2016.09.06,Prince of Persia: The Forgotten Sands,'PS4/Vita',72
2016.08.02,Datura,'N/A',64
2016.08.02,Amnesia: Memories,'PS4/Vita',83
2016.08.02,Tricky Towers,'PS4/',78
2016.08.02,Rebel Galaxy,'PS3',74
2016.08.02,Yakuza 5,'PS4/Vita',N/A
2016.08.02,Retro/Grade,'PS4/Vita',77
2016.07.05,Patapon 3,'N/A',64
2016.07.05,Ultratron,'PS4/Vita',78
2016.07.05,Furi,'PS4',65
2016.07.05,Saint's Row: Gat Out of Hell,'PS4',79
2016.07.05,Oreshika: Tainted Bloodlines,'PS4/PS3',78
2016.07.05,Prince of Persia: Revelation,'PS4/Vita',87
2016.06.07,Fat Princess,'PS4/Vita',85
2016.06.07,Call of Juarez: Bound in Blood,'Vita',57
2016.06.07,NBA 2K16,'N/A',91
2016.06.07,Gone Home,'PS4',78
2016.06.07,Little Deviants,'PS4',81
2016.06.07,God of War: Chains of Olympus,'PS3',76
2016.05.03,Siren: Blood Curse,'PS3',55
2016.05.03,Echochrome,'PS4/Vita',70
2016.05.03,Tropico 5,'PS4/Vita',86
2016.05.03,Table Top Racing: World Tour,'N/A',72
2016.05.03,Switch Galaxy Ultra,'PS4',87
2016.05.03,God of War: Ghost of Sparta,'PS4PS3',70
2016.04.05,LocoRoco Cocoreccho!,'PS3',71
2016.04.05,Bionic Commando Rearmed,'PS3',82
2016.04.05,Dead Star,'Vita',N/A
2016.04.05,Zombi,'Vita',75
2016.04.05,Shutshimi,'PS4',73
2016.04.05,A Virus named Tom,'PS4PS3',68
2016.03.01,I am Alive,'PS4Vita',82
2016.03.01,Savage Moon,'PS3',69
2016.03.01,Broforce,'PS3',54
2016.03.01,Galak-Z,'Vita',85
2016.03.01,Flame Over,'PS4',77
2016.03.01,Reality Fighters,'PS4',81
2016.02.02,Super Stardust HD,'PS3',70
2016.02.02,The Last Guy,'PS3',75
2016.02.02,Helldivers,'VitaPSP',63
2016.02.02,Nom Nom Galaxy,'PS4Vita',84
2016.02.02,Nova-111,'N/A',75
2016.02.02,Lemmings Touch,'PS4',56
2016.01.05,Persona 4 Arena Ultimax,'PS4',80
2016.01.05,Grid Autosport,'Vita',73
2016.01.05,Hardware: Rivals,'VitaPSP',N/A
2016.01.05,Grim Fandango Remastered,'PS3',87
2016.01.05,Nihilumbra,'PS3',55
2016.01.05,History Legends of War: Patton,'PS4',
2015.12.01,Dragon Age: Origins,'PS4',
2015.12.01,Medal of Honor: Warfighter,'Vita',
2015.12.01,Gauntlet: Slayer Edition,'VitaPSP',
2015.12.01,King's Quest - Chapter 1: A Knight to Remember,'PS3',
2015.12.01,Freedom Wars,'PS3',
2015.12.01,Rocketbirds: Hardboiled Chicken,'PS4',
2015.11.03,Far Cry 3: Blood Dragon,'PS4',
2015.11.03,SSX,'PS4Vita',
2015.11.03,The Walking Dead: Season 2,'VitaPSP',
2015.11.03,Magicka 2,'PS3',
2015.11.03,Mass Effect 2,'PS3',
2015.11.03,Beyond Good &amp; Evil HD,'PS4',
2015.10.06,Dragon Fin Soup,'PS4',
2015.10.06,Invizimals,'Vita',
2015.10.06,Broken Age,'Vita',
2015.10.06,Super Meat Boy,'N/A',
2015.10.06,Unmechanical Extended,'PS3',
2015.10.06,Kickbeat,'PS3',
2015.09.01,Kung Fu Rabbit,'PS4',
2015.09.01,Chariot,'PS4',
2015.09.01,Super Time Force Ultra,'Vita',
2015.09.01,Xeodrifter,'Vita',
2015.09.01,Teslagrad,'PS3',
2015.09.01,Grow Home,'PS3',
2015.08.04,La-Mulana EX,'PS4 PS3',
2015.08.04,Twisted Metal,'PS4',
2015.08.04,Lara Croft and the Temple of Osiris,'Vita',
2015.08.04,Limbo,'Vita',
2015.08.04,Sound Shapes,'PS3',
2015.08.04,Stealth Inc 2: A Game of Clones,'PS3',
2015.07.07,God of War: Ascension,'PS4',
2015.07.07,CastleStorm,'PS4 Vita',
2015.07.07,Mousecraft,'Vita',
2015.07.07,Entwined,'Vita',
2015.07.07,Rocket League,'N/A',
2015.07.07,Styx: Master of Shadows,'PS3',
2015.06.02,Geometry Wars 3: Dimensions,'PS3',
2015.06.02,Rain,'PS4',
2015.06.02,Super Exploding Zoo,'PS4',
2015.06.02,Futuridum,'Vita',
2015.06.02,Skulls of the Shogun: Bone-A-Fide Edition,'Vita',
2015.06.02,Metal Gear Solid: Ground Zeroes,'PS3',
2015.05.05,Call of Juarez: Gunslinger,'PS3',
2015.05.05,Cloudberry Kingdom,'PS4',
2015.05.05,Ether One,'PS4',
2015.05.05,Hohokum,'PS3',
2015.05.05,Guacamelee! Super Turbo Championship Edition,'PS3',
2015.05.05,The Unfinished Swan,'PS4 PS3',
2015.04.07,Race the Sun,'PSP',
2015.04.07,Murasaki Baby,'PS4 Vita',
2015.04.07,MonsterBag,'PS4 Vita',
2015.04.07,Killzone Mercenary,'PS4 PS3',
2015.04.07,Dishonored,'Vita PS3',
2015.04.07,Never Alone,'Vita PS3',
2015.03.11,Aaru's Awakening,'PS3',
2015.03.03,Tower of Guns,'PS4 Vita',
2015.03.03,Mighty Flip Champs! DX,'PS4 Vita',
2015.03.03,OlliOlli2: Welcome to Olliwood,'PS4 PS3',
2015.03.03,CounterSpy,'PS4',
2015.03.03,Sherlock Holmes: Crimes and Punishments,'Vita',
2015.03.03,Papo &amp; Yo,'PS3',
2015.02.03,Oddworld: New 'n' Tasty,'PS4',
2015.02.03,Valiant Hearts,'PS4',
2015.02.03,Rogue Legacy,'PS4 PS3',
2015.02.03,Transistor,'PS4 PS3',
2015.02.03,Apotheon,'PS3',
2015.02.03,Yakuza 4,'Vita PS3',
2015.01.06,Thief,'PS4 PS3',
2015.01.06,Kick &amp; Fennick,'PS4 PS3',
2015.01.06,The Swapper,'PS4',
2015.01.06,Whoa Dave!,'PS4',
2015.01.06,InFamous: First Light,'Vita',
2015.01.06,Prototype 2,'PS3',
2014.12.02,DuckTales Remastered,'PS4 Vita',
2014.12.02,Duke Nukem 3D: Megaton Edition,'PS4 Vita',
2014.12.02,Final Horizon,'PS4',
2014.12.02,Titan Attacks!,'PS4',
2014.12.02,Secret Ponchos,'PS3',
2014.12.02,Deadly Premonition: The Director’s Cut,'PS3',
2014.11.04,Hitman HD Trilogy,'PS4',
2014.11.04,Injustice: Gods Among Us,'PS4 PS3',
2014.11.04,The Binding of Isaac Rebirth,'PS4',
2014.11.04,SteamWorld Dig: A Fistful of Dirt,'PS4 PS3',
2014.11.04,Escape Plan,'PS4 PS3',
2014.11.04,Luftrausers,'Vita',
2014.10.07,Frozen Synapse Prime,'Vita',
2014.10.07,The Hungry Horde,'Vita',
2014.10.07,Spelunky,'PS3',
2014.10.07,Pix the Cat,'PS4',
2014.10.07,Dust: An Elysian Tail,'PS4 PS3',
2014.10.07,Rainbow Moon,'PS4 PS3',
2014.09.02,Batman: Arkham Asylum,'PS3 Vita',
2014.09.02,Dungeons &amp; Dragons: Chronicles of Mystara,'PS4 Vita',
2014.09.02,Velocity 2X,'PS4 Vita',
2014.09.02,Sportsfriends,'PS3',
2014.09.02,Playstation All-Stars Battle Royale,'PS3',
2014.09.02,Hoard,'PS4',
2014.08.05,Joe Danger,'PS4',
2014.08.05,TxK,'PS4 Vita',
2014.08.05,Fez,'PS4',
2014.08.05,Road Not Taken,'PS4',
2014.08.05,Dragon's Crown,'PS3',
2014.08.05,Proteus,'PS3',
2014.07.01,Crysis 3,'Vita',
2014.07.01,Metrico,'PS4 Vita',
2014.07.01,Doki-Doki Universe,'PS4 Vita',
2014.07.01,Towerfall Ascension,'PS4',
2014.07.01,Strider,'PS3',
2014.07.01,Dead Space 3,'PS3',
2014.06.24,Vessel,'PS3 Vita',
2014.06.17,Muramasa  Rebirth,'Vita',
2014.06.09,Mutant Mudds Deluxe,'PS4 Vita',
2014.06.03,Terraria,'PS4',
2014.06.03,Sly Cooper: Thieves in Time,'PS3',
2014.06.03,PixelJunk Shooter Ultimate,'PS3',
2014.05.27,Trine 2: Complete Story,'PS4',
2014.05.20,NBA 2K14,'PS4 Vita',
2014.05.20,Limbo,'PS4 Vita',
2014.05.13,Puppeteer,'PS4 Vita',
2014.05.06,Surge Deluxe,'PS3 Vita',
2014.05.06,Skullgirls Encore,'PS3',
2014.04.29,Stick It to the Man,'Vita',
2014.04.22,Pro Evolution Soccer 2014,'PS4 Vita',
2014.04.15,Velocity Ultra,'PS4 Vita',
2014.04.08,PixelJunk Monsters Ultimate HD,'PS4',
2014.04.01,Castle of Illusion Starring Mickey Mouse,'PS3 Vita',
2014.04.01,Stealth Inc. A Clone in the Dark,'PS3',
2014.03.25,Mercenary Kings,'PS3',
2014.03.18,Batman: Arkham City,'PS4 Vita',
2014.03.18,Monster Hunter: Freedom Unite,'PS4 PS3',
2014.03.11,Thomas Was Alone,'PS3 Vita',
2014.03.04,Unit 13,'PS3',
2014.03.04,Lone Survivor: The Director’s Cut,'Vita',
2014.02.25,Dead Nation: Apocalypse Edition,'Vita',
2014.02.18,Tomb Raider,'PS4 Vita',
2014.02.18,ModNation Racers: Road Trip,'PS4',
2014.02.11,Remember Me,'PS3 Vita',
2014.02.04,Street Fighter X Tekken,'PS3 Vita',
2014.02.04,Payday 2,'PS3',
2014.01.28,Outlast,'Vita',
2014.01.21,Metro: Last Light,'PS4 Vita',
2014.01.21,Smart As,'PS4',
2014.01.14,Worms Battle Islands,'PS4',
2014.01.07,Brothers: A Tale of Two Sons,'PS3',
2014.01.07,BioShock Infinite,'PS3',
2013.12,DmC: Devil May Cry,'Vita',
2013.12,Don’t Starve,'PS3 Vita',
2013.12,Urban Trial Freestyle,'Vita',
2013.12,Sonic &amp; All-Stars Racing Transformed,'PS3 Vita',
2013.12,Dyad,'PS4 Vita',
2013.11,GRID 2,'PS4',
2013.11,Borderlands 2,'PS3',
2013.11,Soul Sacrifice,'Vita',
2013.11,Oddworld: Stranger's Wrath,'PS3',
2013.11,Binary Domain,'Vita',
2013.11,Dragon’s Dogma: Dark Arisen,'PS3',
2013.11,Ibb &amp; obb,'PS4',
2013.10,Resogun,'PS3',
2013.10,Contrast,'Vita',
2013.10,Sine Mora,'Vita',
2013.10,Hotline Miami,'PS3',
2013.10,Poker Night 2,'PS3 Vita',
2013.09,Shadow of the Colossus,'PS4',
2013.09,Kingdoms of Amalur: Reckoning,'PS3',
2013.09,Rayman Origins,'PSP',
2013.09,Grand Theft Auto: Liberty City Stories,'PS4 Vita',
2013.09,Galaga Legions DX,'Vita',
2013.08,Resident Evil Chronicles HD Collection,'PS3 Vita',
2013.08,ICO HD,'PS4',
2013.08,Machinarium,'PS3',
2013.08,Darkstalkers Chronicle: The Chaos Tower,'Vita',
2013.08,Zen Pinball 2: Star Wars Pinball,'PS3',
2013.07,Bit.Trip Presents...Runner2: Future Legend of Rhythm Alien,'Vita',
2013.07,Hitman: Absolution,'PS3',
2013.07,Oddworld: Munch's Oddysey HD,'PS4',
2013.07,Dokuro,'PS3',
2013.07,Jet Set Radio,'Vita',
2013.06,Metal Slug XX,'PSP',
2013.06,Battlefield 3,'PS3',
2013.06,LittleBigPlanet Karting,'PS3',
2013.06,XCOM: Enemy Unknown,'PS3',
2013.06,Uncharted 3: Drake's Deception (single-player),'PS4',
2013.06,Zero Escape: Virtue's Last Reward,'Vita',
2013.06,Gods Eater Burst,'Vita',
2013.06,Saints Row: The Third,'PS3',
2013.05,Machinarium,'PS3',
2013.05,Deus Ex: Human Revolution,'PS3',
2013.05,Germinator,'Vita',
2013.05,Pinball Arcade,'Vita',
2013.05,BlazBlue: Continuum Shift Extend,'PS3',
2013.04,Knytt Underground,'PS3',
2013.04,Sleeping Dogs,'PS3',
2013.04,Zombie Tycoon 2,'PS4',
2013.04,SoulCalibur: Broken Destiny,'PS4',
2013.04,Labyrinth Legends,'Vita',
2013.03,Malicious,'PS3 Vita',
2013.03,Demon’s Souls,'PS3',
2013.03,The Cave,'PS3',
2013.03,Tekken VI,'PS3',
2013.03,Disgaea 3: Absence of Detention,'Vita',
2013.02,Joe Danger 2: The Movie,'PSP',
2013.02,Spec Ops: The Line,'PS3',
2013.02,Plants vs. Zombies,'PS3',
2013.02,Vanquish,'PS3',
2013.02,Mega Man Maverick Hunter X,'Vita',
2013.01,Closure,'PSP',
2013.01,Guardians of Middle Earth,'PS3 Vita',
2013.01,Ninja Gaiden Sigma Plus,'PS3',
2013.01,Foosball 2012,'PS3',
2013.01,Darksiders,'PS3',
2012.12,Mega Man 10,'Vita',
2012.12,Mega Man 9,'PS3',
2012.12,Chronovolt,'PSP',
2012.12,NBA Jam: On Fire,'PS3',
2012.12,Retro City Rampage,'PS3',
2012.12,Anomaly: Warzone Earth,'PS3',
2012.12,Rochard,'PS3',
2012.11,Street Fighter IV: Arcade Edition,'Vita',
2012.11,Bioshock 2,'PSP',
2012.11,Sonic the Hedgehog 2 (repeat item),'PS3',
2012.11,Sonic the Hedgehog (repeat item),'PS3 Vita',
2012.11,Final Fantasy Tactics: The War of the Lions,'PS3',
2012.11,WipEout 2048,'Vita',
2012.11,Uncharted: Golden Abyss,'PS3 Vita',
2012.11,Tales from Space: Mutant Blobs Attack,'Vita',
2012.11,Jet Set Radio,'PS3 Vita',
2012.11,Gravity Rush,'PS3',
2012.11,Resident Evil 5: Gold Edition,'PS3 Vita',
2012.10,Quantum Conundrum,'PSP',
2012.10,Dungeon Defenders,'PS3',
2012.10,King of Fighters XIII,'PS3',
2012.09,PAYDAY: The Heist,'PS3',
2012.09,NFL Blitz,'PS3',
2012.09,Ronnie O'Sullivan's Snooker,'PSP',
2012.09,Starhawk (single-player ONLY),'Vita',
2012.09,Scott Pilgrim vs. The World,'PS3',
2012.08,Double Dragon Neon,'PS3',
2012.08,Borderlands,'Vita',
2012.08,Outland,'PS3',
2012.08,Bloodrayne Betrayal,'PSP',
2012.07,Farm Frenzy 2,'PS3',
2012.07,The Walking Dead (Ep. 1 &amp; 2),'PS3',
2012.07,Renegade Ops,'Vita',
2012.07,Gotham City Imposters,'PS3 Vita',
2012.07,Pac-Man Championship Edition DX,'PS3',
2012.06,Hot Shots Golf 2,'PS3',
2012.06,International Track and Field,'PS3',
2012.06,Kaleidoscope,'Vita',
2012.06,Virtua Fighter 5 Final Showdown,'PS3',
2012.06,Lara Croft and the Guardian of Light,'PS3 Vita',
2012.06,"Warhammer 40,000: Space Marine",'PS3',
2012.06,Ratchet and Clank: All 4 One,'PS3',
2012.06,Saints Row 2,'PS3',
2012.06,Just Cause 2,'PS3',
2012.06,FAMOUS 2,'PS3',
2012.06,Little Big Planet 2,'PS3',
2012.06,Zombie Apocalypse: Never Die Alone,'PSP',
2012.06,Choplifter HD,'Vita',
2012.05,Sideway: New York,'Vita',
2012.05,Hard Corps: Uprising,'Vita',
2012.05,Awesomenauts,'Vita',
2012.05,Velocity,'Vita',
2012.05,Floating Cloud God Saves The Pilgrims,'PS3',
2012.05,Trine 2,'PS3',
2012.05,Rock of Ages,'PS3',
2012.04,Castlevania: Symphony of the Night,'PS3',
2012.04,Castlevania: Chronicles,'PS3',
2012.04,Defenders of the Mystic Garden,'PS3',
2012.04,Shank 2,'Mini',
2012.04,Shift 2: Unleashed,'PS3',
2012.04,Silent Hill,'PS3',
2012.03,Frogger Returns,'PS3',
2012.03,Canabalt,'PS3',
2012.03,Bermuda Triangle,'PS3',
2012.03,Sly Cooper and the Thievius Raccoonus,'PS3',
2012.02,Super Street Fighter II Turbo HD Remix,'Mini',
2012.02,Um Jammer Lammy,'PS3',
2012.02,Far Cry 2,'PS3',
2012.02,The Simpsons Arcade Game,'PS3',
2012.02,Altered Beast,'PS3',
2012.02,Comix Zone,'PS One',
2012.02,Battle Fantasia,'PS One',
2012.02,Fatal Inertia EX,'Mini',
2012.02,Hamsterball,'PS3',
2012.02,Inferno Pool,'PS3',
2012.02,Mahjong Tales: Ancient Wisdom,'PS3',
2012.02,Supersonic Acrobatic Rocket Powered Battle Cars,'PS3',
2012.02,Final Fantasy V,'PS3',
2012.01,Gold Medalist,'PS3',
2012.01,Hungry Giraffe,'PS3',
2012.01,Back to the Future The Game,'PS3',
2012.01,Sword &amp; Soldiers,'PS3',
2012.01,Stick Man Rescue,'PS3',
2012.01,Syphon Filter 3 (repeat item),'PS3',
2011.12,Syphon Filter 2,'PS3',
2011.12,Syphon Filter (repeat item),'PS3',
2011.12,Tomb Raider: Underworld,'Mini',
2011.12,Marvel Pinball,'Mini',
2011.12,Orbit,'PS3',
2011.12,Mad Blocker Alpha,'PS3',
2011.12,A Space Shooter for 2 Bucks! (repeat item),'PS One',
2011.12,Spyro Year of the Dragon (repeat item),'PS One',
2011.11,Spyro 2: Ripto’s Rage (repeat item),'Mini',
2011.11,Spyro the Dragon (repeat item),'PS3',
2011.11,Hydrophobia: Prophecy,'PS3',
2011.11,CTR: Crash Team Racing,'PS One',
2011.11,Crash Bandicoot3: Warped,'Mini',
2011.11,Crash Bandicoot 2,'Mini',
2011.11,Crash Bandicoot,'Mini',
2011.11,Doodle Fit,'PS3',
2011.10,Where is my Heart,'PS3',
2011.10,Rumble Trucks,'PS One',
2011.10,Costume Quest,'PS3',
2011.10,Elemental Monster,'PS3',
2011.10,Dead Nation,'PS3',
2011.10,Warhawk,'PS3',
2011.10,Street Smart,'PS3',
2011.10,Speedball 2,'PS3',
2011.10,Tiny Claws,'PS3',
2011.10,Street Smart,'PS3',
2011.09,Burn Zombie Burn,'PS3',
2011.09,Dead Nation,'PS3',
2011.09,Plants vs. Zombies,'PS One',
2011.09,Astro Tripper,'Mini',
2011.09,Jelly Pops,'Mini',
2011.09,Bashi Blocks,'PS3',
2011.09,Resident Evil 3,'PS3',
2011.09,Resident Evil 2,'Mini',
2011.08,Resident Evil Director’s Cut,'PS One',
2011.08,Jet Moto,'PS One',
2011.08,Destruction Derby,'PS One',
2011.08,OMG-Z!,'PS3',
2011.07,Dr. Maybe and the Adventures of Scarygirl,'PS3',
2011.07,Crash Commando,'Mini',
2011.07,Alien Zombie Death,'Mini',
2011.07,Guerilla War,'Mini',
2011.07,Golden Axe,'PS One',
2011.07,Me Monstar: Hear Me Roar,'PS One',
2011.06,Bomberman ULTRA,'PS One',
2011.06,Medievil,'PS3',
2011.06,Streets of Rage 2,'PS One',
2011.06,Magic the Gathering: Duels of the Planeswalkers 2011,'PS One',
2011.06,Lilo &amp; Stitch,'PS One',
2011.04,The 2D Adventures of Rotating Octopus Character,'PS One',
2011.04,Babel the King of Blocks,'Mini',
2011.03,Duael Invaders,'Mini',
2011.03,Sonic the Hedgehog 2,'Mini',
2011.03,Vector TD (repeat item),'PS3',
2011.03,A Space Shooter for 2 Bucks! (repeat item),'PS3',
2011.03,Comet Crash,'PS3',
2011.03,Oddworld: Abe’s Exoddus (repeat item),'PS One',
2011.03,Pix’n Love Rush,'Mini',
2011.03,Enigmo,'Mini',
2011.02,Sonic the Hedgehog,'Mini',
2011.02,Spyro Year of the Dragon,'PS3',
2011.02,Let’s Golf,'PS3',
2011.02,Stacking,'PS3',
2011.02,Karimogi,'PS3',
2011.01,Digger HD,'PS3',
2011.01,Spyro 2: Ripto’s Rage,'Mini',
2011.01,Hero of Sparta,'Mini',
2011.01,Pipe Madness,'PS One',
2010.12,Lead &amp; Gold,'PS One',
2010.12,Spyro the Dragon,'PS One',
2010.12,A Space Shooter For 2 Bucks,'PS One',
2010.12,Crash Team Racing,'PS One',
2010.11,Sam &amp; Max: The Devil’s Playhouse (Episodes 1-5),'Mini',
2010.11,Sackboy's Prehistoric Moves,'Mini',
2010.11,Vector TD,'PS3',
2010.11,DYNOGEMS,'Mini',
2010.11,Oddworld: Abe’s Exoddus,'Mini',
2010.10,Shatter,'PS3',
2010.10,BreakQuest,'Mini',
2010.10,Bubble Trubble,'PS3',
2010.09,Bloons,'PS One',
2010.09,Oddworld: Abe’s Oddysee,'PS3',
2010.09,Echoes,'PS3',
2010.09,Syphon Filter 3,'PS One',
2010.09,Zen Pinball,'Mini',
2010.08,Blast Off,'Mini',
2010.08,I Must Run!,'Mini',
2010.08,Vempires,'PS3',
2010.08,Xtreme,'Mini',
2010.07,Mushroom Wars,'Mini',
2010.07,Aero Racer,'PS3',
2010.07,Kahoots,'PS One',
2010.07,Syphon Filter,'Mini',
2010.06,Critter Crunch,'Mini',
2010.06,Field Runners,'PS3',
2010.06,Age of Zombies,'PS One',
,Rally Cross,'Mini',
,WipEout HD,'PS3',
,,'Mini',
,,'PS3',
,,'PS One',
,,'Mini',
,,'Mini',
,,'PS3',
,,'PS One',
,,'Mini',
,,'PS One',
,,'PS3',
,,'PS3',
,,'Mini',
,,'Mini',
,,'PS One',
,,'PS3',
,,'Mini',
,,'Mini',
,,'Mini',
,,'PS One',
,,'Mini',
,,'PS One',
,,'PS3',
,,'Mini',
,,'Mini',
,,'Mini',
,,'PS One',
,,'PS3',
,,'Mini',
,,'Mini',
,,'PS One',
,,'PS3',
,,'Mini',
,,'Mini',
,,'PS One',
,,'PS3',
